{
  "version": "v1.1.0",
  "timestamp": "2025-12-30T00:49:26.571714",
  "training_data": {
    "year": 2023,
    "samples": 439,
    "features": 29
  },
  "validation_method": "K-Fold Cross-Validation (5 folds)",
  "classifier_winner": {
    "roc_auc": 0.989586493133839,
    "roc_auc_std": 0.011034555354437977,
    "f1": 0.7965800865800866,
    "f1_std": 0.0841254198295726,
    "precision": 0.8333333333333333,
    "recall": 0.7833333333333333
  },
  "regressor_position": {
    "rmse": 4.712305346280586,
    "mae": 3.5505544053957,
    "r2": 0.32456353344169536
  },
  "regressor_points": {
    "rmse": 4.696313416662064,
    "mae": 3.0299831491574243,
    "r2": 0.5726635179140855
  }
}